,t,ts
0,1806-01-31,-267.74985
1,1806-02-28,-267.4347
2,1806-03-31,-269.9659
3,1806-04-30,-275.6466
4,1806-05-31,-281.22797
5,1806-06-30,-286.4411
6,1806-07-31,-288.56735
7,1806-08-31,-287.78522
8,1806-09-30,-283.76953
9,1806-10-31,-279.3002
10,1806-11-30,-273.8273
11,1806-12-31,-269.6785
12,1807-01-31,-268.2288
13,1807-02-28,-267.0001
14,1807-03-31,-270.17877
15,1807-04-30,-275.24692
16,1807-05-31,-281.1567
17,1807-06-30,-286.31995
18,1807-07-31,-288.40674
19,1807-08-31,-287.71533
20,1807-09-30,-283.6591
21,1807-10-31,-279.18756
22,1807-11-30,-273.5846
23,1807-12-31,-270.2658
24,1808-01-31,-268.15866
25,1808-02-29,-266.5148
26,1808-03-31,-270.37823
27,1808-04-30,-275.4315
28,1808-05-31,-281.17453
29,1808-06-30,-286.26062
30,1808-07-31,-288.19843
31,1808-08-31,-287.89798
32,1808-09-30,-283.7249
33,1808-10-31,-279.16226
34,1808-11-30,-274.02765
35,1808-12-31,-270.25543
36,1809-01-31,-268.07587
37,1809-02-28,-267.0158
38,1809-03-31,-270.3787
39,1809-04-30,-275.6675
40,1809-05-31,-281.3579
41,1809-06-30,-286.44543
42,1809-07-31,-288.49866
43,1809-08-31,-287.97284
44,1809-09-30,-283.43494
45,1809-10-31,-279.36014
46,1809-11-30,-274.05835
47,1809-12-31,-270.01556
48,1810-01-31,-268.06195
49,1810-02-28,-267.02704
50,1810-03-31,-269.82867
51,1810-04-30,-275.49445
52,1810-05-31,-281.2882
53,1810-06-30,-286.41083
54,1810-07-31,-288.60648
55,1810-08-31,-287.946
56,1810-09-30,-283.67297
57,1810-10-31,-279.22717
58,1810-11-30,-273.6145
59,1810-12-31,-269.95825
60,1811-01-31,-268.11584
61,1811-02-28,-266.3917
62,1811-03-31,-270.0855
63,1811-04-30,-275.77203
64,1811-05-31,-280.90424
65,1811-06-30,-286.29633
66,1811-07-31,-288.25757
67,1811-08-31,-287.719
68,1811-09-30,-283.75015
69,1811-10-31,-279.11255
70,1811-11-30,-273.99875
71,1811-12-31,-269.95346
72,1812-01-31,-268.32898
73,1812-02-29,-267.181
74,1812-03-31,-270.2078
75,1812-04-30,-275.18057
76,1812-05-31,-281.32147
77,1812-06-30,-286.35782
78,1812-07-31,-288.64368
79,1812-08-31,-287.8633
80,1812-09-30,-283.8459
81,1812-10-31,-278.59406
82,1812-11-30,-273.96042
83,1812-12-31,-270.23984
84,1813-01-31,-268.04398
85,1813-02-28,-266.41388
86,1813-03-31,-270.16617
87,1813-04-30,-275.28848
88,1813-05-31,-281.1132
89,1813-06-30,-286.0389
90,1813-07-31,-288.3139
91,1813-08-31,-288.06046
92,1813-09-30,-283.5827
93,1813-10-31,-278.86792
94,1813-11-30,-273.94745
95,1813-12-31,-270.08743
96,1814-01-31,-267.93567
97,1814-02-28,-267.27075
98,1814-03-31,-270.02066
99,1814-04-30,-275.40756
100,1814-05-31,-281.52795
101,1814-06-30,-286.30777
102,1814-07-31,-288.56564
103,1814-08-31,-287.97256
104,1814-09-30,-283.72897
105,1814-10-31,-278.91815
106,1814-11-30,-273.79697
107,1814-12-31,-270.19366
108,1815-01-31,-268.34454
109,1815-02-28,-267.4214
110,1815-03-31,-270.38034
111,1815-04-30,-275.6551
112,1815-05-31,-281.54736
113,1815-06-30,-286.35495
114,1815-07-31,-288.58624
115,1815-08-31,-287.91742
116,1815-09-30,-283.77618
117,1815-10-31,-279.58322
118,1815-11-30,-274.09616
119,1815-12-31,-270.63068
120,1816-01-31,-267.93356
121,1816-02-29,-267.1638
122,1816-03-31,-270.26416
123,1816-04-30,-275.468
124,1816-05-31,-281.21332
125,1816-06-30,-286.16202
126,1816-07-31,-288.59238
127,1816-08-31,-288.12982
128,1816-09-30,-283.74017
129,1816-10-31,-279.42148
130,1816-11-30,-274.05704
131,1816-12-31,-270.6016
132,1817-01-31,-268.42383
133,1817-02-28,-267.31537
134,1817-03-31,-270.0689
135,1817-04-30,-275.46906
136,1817-05-31,-281.40936
137,1817-06-30,-286.41855
138,1817-07-31,-288.64716
139,1817-08-31,-288.0403
140,1817-09-30,-283.91867
141,1817-10-31,-279.5755
142,1817-11-30,-274.25653
143,1817-12-31,-270.2166
144,1818-01-31,-267.9983
145,1818-02-28,-266.41934
146,1818-03-31,-268.64642
147,1818-04-30,-275.23666
148,1818-05-31,-281.13458
149,1818-06-30,-286.17407
150,1818-07-31,-288.48495
151,1818-08-31,-287.96115
152,1818-09-30,-283.85043
153,1818-10-31,-279.59735
154,1818-11-30,-273.87683
155,1818-12-31,-270.15082
156,1819-01-31,-267.96353
157,1819-02-28,-266.29153
158,1819-03-31,-270.02853
159,1819-04-30,-275.1378
160,1819-05-31,-281.05917
161,1819-06-30,-286.06833
162,1819-07-31,-288.50235
163,1819-08-31,-287.74426
164,1819-09-30,-283.5916
165,1819-10-31,-279.07144
166,1819-11-30,-273.5258
167,1819-12-31,-270.3168
168,1820-01-31,-268.1634
169,1820-02-29,-267.04553
170,1820-03-31,-270.10403
171,1820-04-30,-275.31088
172,1820-05-31,-281.19952
173,1820-06-30,-286.3194
174,1820-07-31,-288.50793
175,1820-08-31,-288.04086
176,1820-09-30,-283.60333
177,1820-10-31,-279.0703
178,1820-11-30,-274.06726
179,1820-12-31,-270.463
180,1821-01-31,-267.83505
181,1821-02-28,-266.99796
182,1821-03-31,-269.80283
183,1821-04-30,-275.08368
184,1821-05-31,-281.38474
185,1821-06-30,-286.40005
186,1821-07-31,-288.57782
187,1821-08-31,-287.92975
188,1821-09-30,-283.44092
189,1821-10-31,-279.02765
190,1821-11-30,-273.89148
191,1821-12-31,-270.11484
192,1822-01-31,-268.17056
193,1822-02-28,-267.43643
194,1822-03-31,-270.28226
195,1822-04-30,-275.85413
196,1822-05-31,-281.5048
197,1822-06-30,-286.16827
198,1822-07-31,-288.27118
199,1822-08-31,-287.79224
200,1822-09-30,-283.61078
201,1822-10-31,-279.12308
202,1822-11-30,-273.71756
203,1822-12-31,-270.32208
204,1823-01-31,-268.28357
205,1823-02-28,-266.10315
206,1823-03-31,-270.04156
207,1823-04-30,-275.22815
208,1823-05-31,-281.16336
209,1823-06-30,-286.23868
210,1823-07-31,-288.56326
211,1823-08-31,-287.84167
212,1823-09-30,-283.7571
213,1823-10-31,-279.13733
214,1823-11-30,-273.9973
215,1823-12-31,-270.15332
216,1824-01-31,-267.86835
217,1824-02-29,-266.6621
218,1824-03-31,-270.15942
219,1824-04-30,-275.57498
220,1824-05-31,-281.42587
221,1824-06-30,-286.23264
222,1824-07-31,-288.6425
223,1824-08-31,-287.93222
224,1824-09-30,-283.5633
225,1824-10-31,-279.0312
226,1824-11-30,-273.94128
227,1824-12-31,-270.34317
228,1825-01-31,-268.4292
229,1825-02-28,-267.24472
230,1825-03-31,-270.29678
231,1825-04-30,-275.7783
232,1825-05-31,-281.11765
233,1825-06-30,-286.25964
234,1825-07-31,-288.2433
235,1825-08-31,-287.83267
236,1825-09-30,-283.23978
237,1825-10-31,-279.35028
238,1825-11-30,-273.8815
239,1825-12-31,-270.01205
240,1826-01-31,-268.03787
241,1826-02-28,-266.7964
242,1826-03-31,-269.74844
243,1826-04-30,-275.21744
244,1826-05-31,-281.1398
245,1826-06-30,-286.11438
246,1826-07-31,-288.35468
247,1826-08-31,-287.7236
248,1826-09-30,-283.69107
249,1826-10-31,-279.326
250,1826-11-30,-273.79626
251,1826-12-31,-270.1136
252,1827-01-31,-268.01724
253,1827-02-28,-266.81335
254,1827-03-31,-269.48108
255,1827-04-30,-275.0807
256,1827-05-31,-281.23892
257,1827-06-30,-286.25146
258,1827-07-31,-288.6405
259,1827-08-31,-287.83954
260,1827-09-30,-283.62027
261,1827-10-31,-279.0808
262,1827-11-30,-273.83734
263,1827-12-31,-269.85425
264,1828-01-31,-268.02
265,1828-02-29,-266.721
266,1828-03-31,-270.2385
267,1828-04-30,-275.31073
268,1828-05-31,-281.12207
269,1828-06-30,-286.26437
270,1828-07-31,-288.5894
271,1828-08-31,-288.05426
272,1828-09-30,-283.6819
273,1828-10-31,-279.21
274,1828-11-30,-273.842
275,1828-12-31,-270.20538
276,1829-01-31,-268.13184
277,1829-02-28,-267.02383
278,1829-03-31,-270.31137
279,1829-04-30,-275.4222
280,1829-05-31,-281.17993
281,1829-06-30,-286.1725
282,1829-07-31,-288.6572
283,1829-08-31,-287.9223
284,1829-09-30,-283.7533
285,1829-10-31,-279.45148
286,1829-11-30,-274.0132
287,1829-12-31,-270.366
288,1830-01-31,-268.1393
289,1830-02-28,-267.08325
290,1830-03-31,-269.78122
291,1830-04-30,-275.30875
292,1830-05-31,-281.34625
293,1830-06-30,-286.29538
294,1830-07-31,-288.48196
295,1830-08-31,-287.88232
296,1830-09-30,-283.4616
297,1830-10-31,-279.42017
298,1830-11-30,-274.0623
299,1830-12-31,-270.16995
300,1831-01-31,-267.8162
301,1831-02-28,-266.71106
302,1831-03-31,-269.83087
303,1831-04-30,-275.25552
304,1831-05-31,-281.23666
305,1831-06-30,-286.3191
306,1831-07-31,-288.52792
307,1831-08-31,-287.78525
308,1831-09-30,-283.7421
309,1831-10-31,-278.82755
310,1831-11-30,-273.8712
311,1831-12-31,-269.84396
312,1832-01-31,-267.81586
313,1832-02-29,-266.7894
314,1832-03-31,-269.9726
315,1832-04-30,-275.02225
316,1832-05-31,-281.0554
317,1832-06-30,-286.34537
318,1832-07-31,-288.67188
319,1832-08-31,-287.9447
320,1832-09-30,-283.73315
321,1832-10-31,-279.42258
322,1832-11-30,-273.89728
323,1832-12-31,-270.36472
324,1833-01-31,-268.3673
325,1833-02-28,-266.42245
326,1833-03-31,-269.86273
327,1833-04-30,-275.40967
328,1833-05-31,-281.231
329,1833-06-30,-286.2606
330,1833-07-31,-288.83493
331,1833-08-31,-288.1445
332,1833-09-30,-283.8196
333,1833-10-31,-279.3307
334,1833-11-30,-274.30035
335,1833-12-31,-270.02817
336,1834-01-31,-268.0637
337,1834-02-28,-266.6569
338,1834-03-31,-269.72717
339,1834-04-30,-275.2686
340,1834-05-31,-281.3968
341,1834-06-30,-286.3062
342,1834-07-31,-288.39542
343,1834-08-31,-287.6805
344,1834-09-30,-283.7888
345,1834-10-31,-279.41956
346,1834-11-30,-274.0606
347,1834-12-31,-270.5259
348,1835-01-31,-268.46234
349,1835-02-28,-266.87415
350,1835-03-31,-269.74814
351,1835-04-30,-275.15738
352,1835-05-31,-281.37436
353,1835-06-30,-286.3115
354,1835-07-31,-288.52753
355,1835-08-31,-287.9164
356,1835-09-30,-283.7904
357,1835-10-31,-279.63165
358,1835-11-30,-273.95364
359,1835-12-31,-270.0789
360,1836-01-31,-268.26855
361,1836-02-29,-267.2509
362,1836-03-31,-270.59177
363,1836-04-30,-275.52216
364,1836-05-31,-281.39374
365,1836-06-30,-286.41745
366,1836-07-31,-288.67065
367,1836-08-31,-287.9987
368,1836-09-30,-283.85577
369,1836-10-31,-279.56415
370,1836-11-30,-274.22235
371,1836-12-31,-270.1227
372,1837-01-31,-267.7382
373,1837-02-28,-266.80804
374,1837-03-31,-270.17795
375,1837-04-30,-275.81088
376,1837-05-31,-281.2455
377,1837-06-30,-286.4026
378,1837-07-31,-288.46588
379,1837-08-31,-287.99612
380,1837-09-30,-283.87814
381,1837-10-31,-279.5337
382,1837-11-30,-274.48526
383,1837-12-31,-270.29895
384,1838-01-31,-268.40036
385,1838-02-28,-267.30667
386,1838-03-31,-270.4432
387,1838-04-30,-275.7682
388,1838-05-31,-281.54288
389,1838-06-30,-286.3448
390,1838-07-31,-288.62454
391,1838-08-31,-288.07544
392,1838-09-30,-283.89713
393,1838-10-31,-279.55615
394,1838-11-30,-274.30637
395,1838-12-31,-270.06903
396,1839-01-31,-268.3901
397,1839-02-28,-266.9826
398,1839-03-31,-270.31024
399,1839-04-30,-275.55652
400,1839-05-31,-281.25464
401,1839-06-30,-286.3346
402,1839-07-31,-288.57755
403,1839-08-31,-288.0596
404,1839-09-30,-283.97665
405,1839-10-31,-279.83704
406,1839-11-30,-274.07617
407,1839-12-31,-270.49622
408,1840-01-31,-268.37836
409,1840-02-29,-267.3796
410,1840-03-31,-269.84546
411,1840-04-30,-275.39032
412,1840-05-31,-281.3647
413,1840-06-30,-286.51022
414,1840-07-31,-288.8194
415,1840-08-31,-287.9445
416,1840-09-30,-284.0808
417,1840-10-31,-279.56995
418,1840-11-30,-274.17487
419,1840-12-31,-270.17572
420,1841-01-31,-268.43198
421,1841-02-28,-267.4726
422,1841-03-31,-270.31723
423,1841-04-30,-275.69843
424,1841-05-31,-281.4916
425,1841-06-30,-286.3862
426,1841-07-31,-288.79102
427,1841-08-31,-288.12543
428,1841-09-30,-283.8669
429,1841-10-31,-279.67624
430,1841-11-30,-274.23587
431,1841-12-31,-270.71255
432,1842-01-31,-268.1215
433,1842-02-28,-267.1591
434,1842-03-31,-270.20905
435,1842-04-30,-275.30975
436,1842-05-31,-281.3677
437,1842-06-30,-286.33182
438,1842-07-31,-288.65845
439,1842-08-31,-287.85397
440,1842-09-30,-283.76605
441,1842-10-31,-279.1731
442,1842-11-30,-274.3262
443,1842-12-31,-270.21375
444,1843-01-31,-268.31238
445,1843-02-28,-267.41467
446,1843-03-31,-270.48117
447,1843-04-30,-275.29147
448,1843-05-31,-281.32507
449,1843-06-30,-286.29266
450,1843-07-31,-288.6831
451,1843-08-31,-288.13495
452,1843-09-30,-283.99203
453,1843-10-31,-279.58466
454,1843-11-30,-274.46655
455,1843-12-31,-270.2318
456,1844-01-31,-268.26416
457,1844-02-29,-267.75824
458,1844-03-31,-270.5794
459,1844-04-30,-275.83182
460,1844-05-31,-281.2965
461,1844-06-30,-286.4212
462,1844-07-31,-288.67273
463,1844-08-31,-288.25348
464,1844-09-30,-283.943
465,1844-10-31,-279.60986
466,1844-11-30,-274.29117
467,1844-12-31,-270.61285
468,1845-01-31,-268.21176
469,1845-02-28,-267.33707
470,1845-03-31,-270.56723
471,1845-04-30,-275.38776
472,1845-05-31,-281.3194
473,1845-06-30,-286.4597
474,1845-07-31,-288.66794
475,1845-08-31,-288.14258
476,1845-09-30,-283.8768
477,1845-10-31,-279.6523
478,1845-11-30,-274.37854
479,1845-12-31,-270.6324
480,1846-01-31,-268.41223
481,1846-02-28,-267.418
482,1846-03-31,-270.23972
483,1846-04-30,-275.6427
484,1846-05-31,-281.53882
485,1846-06-30,-286.18753
486,1846-07-31,-288.57764
487,1846-08-31,-287.92053
488,1846-09-30,-283.9369
489,1846-10-31,-279.60468
490,1846-11-30,-274.40552
491,1846-12-31,-270.62253
492,1847-01-31,-268.47528
493,1847-02-28,-267.5242
494,1847-03-31,-270.44125
495,1847-04-30,-275.78647
496,1847-05-31,-281.45465
497,1847-06-30,-286.4658
498,1847-07-31,-288.57352
499,1847-08-31,-288.08878
500,1847-09-30,-284.21143
501,1847-10-31,-279.5813
502,1847-11-30,-274.35913
503,1847-12-31,-270.64902
504,1848-01-31,-268.38348
505,1848-02-29,-267.9071
506,1848-03-31,-270.79803
507,1848-04-30,-275.65738
508,1848-05-31,-281.34644
509,1848-06-30,-286.5711
510,1848-07-31,-288.83435
511,1848-08-31,-288.23923
512,1848-09-30,-284.03708
513,1848-10-31,-279.67426
514,1848-11-30,-274.20316
515,1848-12-31,-270.41608
516,1849-01-31,-268.38464
517,1849-02-28,-267.42413
518,1849-03-31,-270.51862
519,1849-04-30,-275.75763
520,1849-05-31,-281.59497
521,1849-06-30,-286.66995
522,1849-07-31,-288.80038
523,1849-08-31,-288.2063
524,1849-09-30,-283.9308
525,1849-10-31,-279.677
526,1849-11-30,-274.42523
527,1849-12-31,-270.36246
528,1850-01-31,-268.5115
529,1850-02-28,-267.38907
530,1850-03-31,-270.38373
531,1850-04-30,-275.81522
532,1850-05-31,-281.5593
533,1850-06-30,-286.56635
534,1850-07-31,-288.69302
535,1850-08-31,-288.02948
536,1850-09-30,-283.8744
537,1850-10-31,-279.49954
538,1850-11-30,-274.44464
539,1850-12-31,-270.68314
540,1851-01-31,-268.19962
541,1851-02-28,-267.19385
542,1851-03-31,-270.3212
543,1851-04-30,-275.72488
544,1851-05-31,-281.5417
545,1851-06-30,-286.57233
546,1851-07-31,-288.52594
547,1851-08-31,-288.06442
548,1851-09-30,-283.91437
549,1851-10-31,-279.74078
550,1851-11-30,-274.18857
551,1851-12-31,-270.50317
552,1852-01-31,-268.5072
553,1852-02-29,-267.40247
554,1852-03-31,-270.5593
555,1852-04-30,-275.44342
556,1852-05-31,-281.38535
557,1852-06-30,-286.43274
558,1852-07-31,-288.5786
559,1852-08-31,-287.9682
560,1852-09-30,-283.97943
561,1852-10-31,-279.5947
562,1852-11-30,-274.24292
563,1852-12-31,-270.45667
564,1853-01-31,-268.4181
565,1853-02-28,-267.52292
566,1853-03-31,-270.5208
567,1853-04-30,-275.66385
568,1853-05-31,-281.51
569,1853-06-30,-286.40494
570,1853-07-31,-288.75613
571,1853-08-31,-288.12344
572,1853-09-30,-283.97714
573,1853-10-31,-279.57535
574,1853-11-30,-274.29642
575,1853-12-31,-270.7816
576,1854-01-31,-268.35107
577,1854-02-28,-267.27
578,1854-03-31,-270.43808
579,1854-04-30,-276.19067
580,1854-05-31,-281.46906
581,1854-06-30,-286.51733
582,1854-07-31,-288.50613
583,1854-08-31,-288.01614
584,1854-09-30,-283.94806
585,1854-10-31,-279.71347
586,1854-11-30,-274.32614
587,1854-12-31,-270.69992
588,1855-01-31,-268.41513
589,1855-02-28,-267.55615
590,1855-03-31,-270.53983
591,1855-04-30,-275.97293
592,1855-05-31,-281.60733
593,1855-06-30,-286.38004
594,1855-07-31,-288.59433
595,1855-08-31,-288.03488
596,1855-09-30,-284.03806
597,1855-10-31,-279.6484
598,1855-11-30,-274.4362
599,1855-12-31,-270.67566
600,1856-01-31,-268.3223
601,1856-02-29,-267.28503
602,1856-03-31,-270.1529
603,1856-04-30,-275.83044
604,1856-05-31,-281.73566
605,1856-06-30,-286.54755
606,1856-07-31,-288.7208
607,1856-08-31,-288.16907
608,1856-09-30,-283.9941
609,1856-10-31,-279.7583
610,1856-11-30,-274.4431
611,1856-12-31,-270.64117
612,1857-01-31,-268.31934
613,1857-02-28,-267.62384
614,1857-03-31,-270.2317
615,1857-04-30,-275.87512
616,1857-05-31,-281.48166
617,1857-06-30,-286.44888
618,1857-07-31,-288.70197
619,1857-08-31,-287.9202
620,1857-09-30,-283.9291
621,1857-10-31,-279.68027
622,1857-11-30,-274.3077
623,1857-12-31,-270.78308
624,1858-01-31,-268.56326
625,1858-02-28,-267.3856
626,1858-03-31,-270.87143
627,1858-04-30,-275.49295
628,1858-05-31,-281.57605
629,1858-06-30,-286.23346
630,1858-07-31,-288.64554
631,1858-08-31,-287.82422
632,1858-09-30,-284.07233
633,1858-10-31,-279.611
634,1858-11-30,-274.51178
635,1858-12-31,-270.62204
636,1859-01-31,-268.53488
637,1859-02-28,-267.56393
638,1859-03-31,-270.52933
639,1859-04-30,-275.8543
640,1859-05-31,-281.60938
641,1859-06-30,-286.42926
642,1859-07-31,-288.63324
643,1859-08-31,-288.0654
644,1859-09-30,-284.09088
645,1859-10-31,-279.56757
646,1859-11-30,-274.58722
647,1859-12-31,-270.8102
648,1860-01-31,-268.11884
649,1860-02-29,-267.38187
650,1860-03-31,-270.85797
651,1860-04-30,-275.87842
652,1860-05-31,-281.69254
653,1860-06-30,-286.53946
654,1860-07-31,-288.5449
655,1860-08-31,-288.19583
656,1860-09-30,-284.08243
657,1860-10-31,-279.84488
658,1860-11-30,-274.3881
659,1860-12-31,-270.43704
660,1861-01-31,-268.44736
661,1861-02-28,-267.57437
662,1861-03-31,-270.68552
663,1861-04-30,-275.80698
664,1861-05-31,-281.7653
665,1861-06-30,-286.19324
666,1861-07-31,-288.83972
667,1861-08-31,-288.1466
668,1861-09-30,-283.89017
669,1861-10-31,-279.76105
670,1861-11-30,-274.21268
671,1861-12-31,-270.77063
672,1862-01-31,-268.5739
673,1862-02-28,-267.35657
674,1862-03-31,-270.35608
675,1862-04-30,-275.62518
676,1862-05-31,-281.56342
677,1862-06-30,-286.55142
678,1862-07-31,-288.86575
679,1862-08-31,-288.0872
680,1862-09-30,-284.02222
681,1862-10-31,-279.69177
682,1862-11-30,-274.41373
683,1862-12-31,-270.7228
684,1863-01-31,-268.5528
685,1863-02-28,-267.28128
686,1863-03-31,-270.60272
687,1863-04-30,-276.14523
688,1863-05-31,-281.90244
689,1863-06-30,-286.4078
690,1863-07-31,-288.77524
691,1863-08-31,-288.05835
692,1863-09-30,-284.1598
693,1863-10-31,-279.75305
694,1863-11-30,-274.64337
695,1863-12-31,-270.80682
696,1864-01-31,-268.34552
697,1864-02-29,-267.25507
698,1864-03-31,-270.46393
699,1864-04-30,-275.42813
700,1864-05-31,-281.7851
701,1864-06-30,-286.43542
702,1864-07-31,-288.68378
703,1864-08-31,-288.19196
704,1864-09-30,-283.97107
705,1864-10-31,-279.574
706,1864-11-30,-274.2919
707,1864-12-31,-270.41757
708,1865-01-31,-268.4134
709,1865-02-28,-267.57996
710,1865-03-31,-270.67383
711,1865-04-30,-275.89737
712,1865-05-31,-281.6877
713,1865-06-30,-286.5158
714,1865-07-31,-288.59958
715,1865-08-31,-288.0653
716,1865-09-30,-283.86636
717,1865-10-31,-279.35837
718,1865-11-30,-274.39334
719,1865-12-31,-270.70193
720,1866-01-31,-268.3132
721,1866-02-28,-266.87677
722,1866-03-31,-270.70435
723,1866-04-30,-275.74557
724,1866-05-31,-281.50793
725,1866-06-30,-286.46896
726,1866-07-31,-288.65668
727,1866-08-31,-288.11227
728,1866-09-30,-284.00726
729,1866-10-31,-279.7192
730,1866-11-30,-274.3002
731,1866-12-31,-270.74524
732,1867-01-31,-268.57935
733,1867-02-28,-267.3099
734,1867-03-31,-270.79807
735,1867-04-30,-276.07065
736,1867-05-31,-281.64996
737,1867-06-30,-286.3206
738,1867-07-31,-288.70447
739,1867-08-31,-287.96536
740,1867-09-30,-284.023
741,1867-10-31,-279.96518
742,1867-11-30,-274.5469
743,1867-12-31,-270.63245
744,1868-01-31,-268.54694
745,1868-02-29,-267.50763
746,1868-03-31,-270.71518
747,1868-04-30,-276.02243
748,1868-05-31,-281.65485
749,1868-06-30,-286.61145
750,1868-07-31,-288.52658
751,1868-08-31,-287.88837
752,1868-09-30,-284.13116
753,1868-10-31,-279.8276
754,1868-11-30,-274.6831
755,1868-12-31,-270.71643
756,1869-01-31,-268.44382
757,1869-02-28,-267.27747
758,1869-03-31,-270.80734
759,1869-04-30,-275.7352
760,1869-05-31,-281.83914
761,1869-06-30,-286.58582
762,1869-07-31,-288.65527
763,1869-08-31,-288.2151
764,1869-09-30,-284.05725
765,1869-10-31,-279.75778
766,1869-11-30,-274.53915
767,1869-12-31,-270.67084
768,1870-01-31,-268.29004
769,1870-02-28,-267.5672
770,1870-03-31,-270.6821
771,1870-04-30,-275.66574
772,1870-05-31,-281.77734
773,1870-06-30,-286.60635
774,1870-07-31,-288.73444
775,1870-08-31,-287.99448
776,1870-09-30,-284.13962
777,1870-10-31,-279.92416
778,1870-11-30,-274.67447
779,1870-12-31,-270.71396
780,1871-01-31,-268.69028
781,1871-02-28,-267.25974
782,1871-03-31,-270.97748
783,1871-04-30,-276.08755
784,1871-05-31,-281.64157
785,1871-06-30,-286.23013
786,1871-07-31,-288.77023
787,1871-08-31,-288.02106
788,1871-09-30,-283.93958
789,1871-10-31,-279.7908
790,1871-11-30,-274.52426
791,1871-12-31,-270.86813
792,1872-01-31,-268.68155
793,1872-02-29,-267.55103
794,1872-03-31,-270.71103
795,1872-04-30,-275.81168
796,1872-05-31,-281.8077
797,1872-06-30,-286.45023
798,1872-07-31,-288.56165
799,1872-08-31,-288.0885
800,1872-09-30,-284.05676
801,1872-10-31,-279.8965
802,1872-11-30,-274.7302
803,1872-12-31,-270.75684
804,1873-01-31,-268.92407
805,1873-02-28,-267.89325
806,1873-03-31,-270.63757
807,1873-04-30,-276.06293
808,1873-05-31,-281.6688
809,1873-06-30,-286.53348
810,1873-07-31,-288.6034
811,1873-08-31,-288.26154
812,1873-09-30,-284.08585
813,1873-10-31,-279.8597
814,1873-11-30,-274.52423
815,1873-12-31,-270.91266
816,1874-01-31,-268.9859
817,1874-02-28,-267.7246
818,1874-03-31,-270.69974
819,1874-04-30,-276.1558
820,1874-05-31,-281.7817
821,1874-06-30,-286.58395
822,1874-07-31,-288.71024
823,1874-08-31,-288.2996
824,1874-09-30,-284.08755
825,1874-10-31,-279.96353
826,1874-11-30,-274.6171
827,1874-12-31,-270.77448
828,1875-01-31,-268.7068
829,1875-02-28,-267.59576
830,1875-03-31,-270.87198
831,1875-04-30,-276.13916
832,1875-05-31,-281.74704
833,1875-06-30,-286.61316
834,1875-07-31,-288.75
835,1875-08-31,-288.0919
836,1875-09-30,-284.0885
837,1875-10-31,-279.8438
838,1875-11-30,-274.57132
839,1875-12-31,-270.80487
840,1876-01-31,-268.7145
841,1876-02-29,-267.8112
842,1876-03-31,-270.79587
843,1876-04-30,-276.24686
844,1876-05-31,-281.8117
845,1876-06-30,-286.57184
846,1876-07-31,-288.87378
847,1876-08-31,-288.13248
848,1876-09-30,-284.1366
849,1876-10-31,-279.84827
850,1876-11-30,-274.68243
851,1876-12-31,-270.84424
852,1877-01-31,-268.86667
853,1877-02-28,-267.44467
854,1877-03-31,-270.95636
855,1877-04-30,-275.98853
856,1877-05-31,-281.60184
857,1877-06-30,-286.64255
858,1877-07-31,-288.8696
859,1877-08-31,-288.24725
860,1877-09-30,-284.07465
861,1877-10-31,-279.9339
862,1877-11-30,-274.81918
863,1877-12-31,-270.96817
864,1878-01-31,-268.6014
865,1878-02-28,-267.83786
866,1878-03-31,-270.8827
867,1878-04-30,-276.3343
868,1878-05-31,-281.90033
869,1878-06-30,-286.55612
870,1878-07-31,-288.70972
871,1878-08-31,-288.2157
872,1878-09-30,-284.20654
873,1878-10-31,-279.9502
874,1878-11-30,-274.50623
875,1878-12-31,-270.76456
876,1879-01-31,-268.62057
877,1879-02-28,-267.83716
878,1879-03-31,-270.8046
879,1879-04-30,-276.53
880,1879-05-31,-281.93933
881,1879-06-30,-286.7215
882,1879-07-31,-288.81818
883,1879-08-31,-288.1972
884,1879-09-30,-284.23434
885,1879-10-31,-279.82077
886,1879-11-30,-274.7121
887,1879-12-31,-271.04288
888,1880-01-31,-268.94183
889,1880-02-29,-268.20352
890,1880-03-31,-271.03937
891,1880-04-30,-276.45438
892,1880-05-31,-281.94336
893,1880-06-30,-286.58502
894,1880-07-31,-288.8291
895,1880-08-31,-288.20566
896,1880-09-30,-284.18832
897,1880-10-31,-279.87112
898,1880-11-30,-274.73276
899,1880-12-31,-270.9224
900,1881-01-31,-268.85843
901,1881-02-28,-268.12048
902,1881-03-31,-271.2887
903,1881-04-30,-276.01346
904,1881-05-31,-281.94135
905,1881-06-30,-286.61
906,1881-07-31,-288.8798
907,1881-08-31,-288.283
908,1881-09-30,-284.21164
909,1881-10-31,-279.92422
910,1881-11-30,-274.85754
911,1881-12-31,-271.15887
912,1882-01-31,-269.0133
913,1882-02-28,-268.22134
914,1882-03-31,-271.39703
915,1882-04-30,-276.44516
916,1882-05-31,-282.07132
917,1882-06-30,-286.7377
918,1882-07-31,-288.88736
919,1882-08-31,-288.3536
920,1882-09-30,-284.19193
921,1882-10-31,-279.9738
922,1882-11-30,-274.69858
923,1882-12-31,-270.9454
924,1883-01-31,-268.95987
925,1883-02-28,-268.31918
926,1883-03-31,-271.28113
927,1883-04-30,-276.47876
928,1883-05-31,-282.05325
929,1883-06-30,-286.72968
930,1883-07-31,-288.77908
931,1883-08-31,-288.28308
932,1883-09-30,-284.23438
933,1883-10-31,-279.9277
934,1883-11-30,-274.96765
935,1883-12-31,-271.17004
936,1884-01-31,-268.94092
937,1884-02-29,-268.2617
938,1884-03-31,-271.31006
939,1884-04-30,-276.49167
940,1884-05-31,-281.97137
941,1884-06-30,-286.6351
942,1884-07-31,-288.8723
943,1884-08-31,-288.12863
944,1884-09-30,-284.25214
945,1884-10-31,-279.9906
946,1884-11-30,-274.91217
947,1884-12-31,-271.0309
948,1885-01-31,-268.9214
949,1885-02-28,-268.20386
950,1885-03-31,-271.31656
951,1885-04-30,-276.5475
952,1885-05-31,-282.0392
953,1885-06-30,-286.6984
954,1885-07-31,-288.84598
955,1885-08-31,-288.23392
956,1885-09-30,-284.27475
957,1885-10-31,-280.02594
958,1885-11-30,-274.85352
959,1885-12-31,-271.1711
960,1886-01-31,-269.03006
961,1886-02-28,-268.20154
962,1886-03-31,-271.1734
963,1886-04-30,-276.68347
964,1886-05-31,-282.06232
965,1886-06-30,-286.62
966,1886-07-31,-288.85403
967,1886-08-31,-288.23126
968,1886-09-30,-284.2001
969,1886-10-31,-279.97464
970,1886-11-30,-274.92337
971,1886-12-31,-271.1325
972,1887-01-31,-268.92584
973,1887-02-28,-268.41696
974,1887-03-31,-271.22073
975,1887-04-30,-276.43686
976,1887-05-31,-282.03918
977,1887-06-30,-286.60657
978,1887-07-31,-288.83667
979,1887-08-31,-288.26056
980,1887-09-30,-284.26736
981,1887-10-31,-279.95914
982,1887-11-30,-274.83582
983,1887-12-31,-271.098
984,1888-01-31,-268.8617
985,1888-02-29,-268.25317
986,1888-03-31,-271.25687
987,1888-04-30,-276.2766
988,1888-05-31,-282.0601
989,1888-06-30,-286.5369
990,1888-07-31,-288.88675
991,1888-08-31,-288.26575
992,1888-09-30,-284.13562
993,1888-10-31,-279.8636
994,1888-11-30,-274.61407
995,1888-12-31,-271.18402
996,1889-01-31,-268.9871
997,1889-02-28,-268.18088
998,1889-03-31,-271.37613
999,1889-04-30,-276.40976
1000,1889-05-31,-281.92386
1001,1889-06-30,-286.5134
1002,1889-07-31,-288.8225
1003,1889-08-31,-288.33224
1004,1889-09-30,-284.23627
1005,1889-10-31,-280.0602
1006,1889-11-30,-274.9176
1007,1889-12-31,-271.2544
1008,1890-01-31,-269.09222
1009,1890-02-28,-268.24753
1010,1890-03-31,-271.50336
1011,1890-04-30,-276.58966
1012,1890-05-31,-282.01746
1013,1890-06-30,-286.7469
1014,1890-07-31,-288.9791
1015,1890-08-31,-288.32825
1016,1890-09-30,-284.15887
1017,1890-10-31,-279.88702
1018,1890-11-30,-274.86115
1019,1890-12-31,-271.2071
1020,1891-01-31,-268.89667
1021,1891-02-28,-268.35214
1022,1891-03-31,-271.4381
1023,1891-04-30,-276.39505
1024,1891-05-31,-281.97812
1025,1891-06-30,-286.64383
1026,1891-07-31,-288.87634
1027,1891-08-31,-288.30447
1028,1891-09-30,-284.26657
1029,1891-10-31,-280.01334
1030,1891-11-30,-274.79324
1031,1891-12-31,-271.22397
1032,1892-01-31,-268.86414
1033,1892-02-29,-268.10153
1034,1892-03-31,-271.15253
1035,1892-04-30,-276.41986
1036,1892-05-31,-281.9613
1037,1892-06-30,-286.67505
1038,1892-07-31,-288.8318
1039,1892-08-31,-288.25095
1040,1892-09-30,-284.26132
1041,1892-10-31,-279.8764
1042,1892-11-30,-274.82532
1043,1892-12-31,-270.997
1044,1893-01-31,-268.911
1045,1893-02-28,-268.02017
1046,1893-03-31,-270.9553
1047,1893-04-30,-276.3522
1048,1893-05-31,-282.00412
1049,1893-06-30,-286.60822
1050,1893-07-31,-288.81094
1051,1893-08-31,-288.17526
1052,1893-09-30,-284.2423
1053,1893-10-31,-279.9982
1054,1893-11-30,-274.76187
1055,1893-12-31,-271.1582
1056,1894-01-31,-269.0831
1057,1894-02-28,-268.2888
1058,1894-03-31,-271.3115
1059,1894-04-30,-276.54788
1060,1894-05-31,-282.0335
1061,1894-06-30,-286.6744
1062,1894-07-31,-288.80786
1063,1894-08-31,-288.3399
1064,1894-09-30,-284.17227
1065,1894-10-31,-279.9632
1066,1894-11-30,-274.92532
1067,1894-12-31,-271.1474
1068,1895-01-31,-268.99927
1069,1895-02-28,-268.167
1070,1895-03-31,-271.31686
1071,1895-04-30,-276.30765
1072,1895-05-31,-282.03226
1073,1895-06-30,-286.65967
1074,1895-07-31,-288.91577
1075,1895-08-31,-288.25815
1076,1895-09-30,-284.18173
1077,1895-10-31,-279.9534
1078,1895-11-30,-274.83096
1079,1895-12-31,-270.89893
1080,1896-01-31,-268.87076
1081,1896-02-29,-268.2401
1082,1896-03-31,-271.3965
1083,1896-04-30,-276.477
1084,1896-05-31,-281.99298
1085,1896-06-30,-286.53995
1086,1896-07-31,-288.80814
1087,1896-08-31,-288.2086
1088,1896-09-30,-284.18658
1089,1896-10-31,-279.9588
1090,1896-11-30,-274.7422
1091,1896-12-31,-271.1016
1092,1897-01-31,-269.06848
1093,1897-02-28,-268.34586
1094,1897-03-31,-271.35074
1095,1897-04-30,-276.55478
1096,1897-05-31,-282.0925
1097,1897-06-30,-286.55463
1098,1897-07-31,-288.79868
1099,1897-08-31,-288.2058
1100,1897-09-30,-284.28552
1101,1897-10-31,-279.99072
1102,1897-11-30,-274.80927
1103,1897-12-31,-271.1813
1104,1898-01-31,-269.06583
1105,1898-02-28,-268.23154
1106,1898-03-31,-271.40936
1107,1898-04-30,-276.3072
1108,1898-05-31,-282.05112
1109,1898-06-30,-286.67346
1110,1898-07-31,-288.96475
1111,1898-08-31,-288.26752
1112,1898-09-30,-284.25943
1113,1898-10-31,-279.8611
1114,1898-11-30,-274.9029
1115,1898-12-31,-271.11902
1116,1899-01-31,-268.9222
1117,1899-02-28,-268.122
1118,1899-03-31,-271.30875
1119,1899-04-30,-276.50357
1120,1899-05-31,-281.98175
1121,1899-06-30,-286.70554
1122,1899-07-31,-288.87198
1123,1899-08-31,-288.24023
1124,1899-09-30,-284.224
1125,1899-10-31,-279.97955
1126,1899-11-30,-274.90967
1127,1899-12-31,-271.045
1128,1900-01-31,-268.79932
1129,1900-02-28,-268.2035
1130,1900-03-31,-271.28806
1131,1900-04-30,-276.60458
1132,1900-05-31,-282.04443
1133,1900-06-30,-286.5855
1134,1900-07-31,-288.8059
1135,1900-08-31,-288.25992
1136,1900-09-30,-284.2441
1137,1900-10-31,-280.06522
1138,1900-11-30,-274.93256
1139,1900-12-31,-271.1824
1140,1901-01-31,-268.78235
1141,1901-02-28,-268.05212
1142,1901-03-31,-271.23306
1143,1901-04-30,-276.63895
1144,1901-05-31,-281.89954
1145,1901-06-30,-286.7642
1146,1901-07-31,-288.77948
1147,1901-08-31,-288.2824
1148,1901-09-30,-284.22266
1149,1901-10-31,-280.06937
1150,1901-11-30,-274.81332
1151,1901-12-31,-271.14862
1152,1902-01-31,-268.89548
1153,1902-02-28,-268.14273
1154,1902-03-31,-271.326
1155,1902-04-30,-276.29324
1156,1902-05-31,-282.00024
1157,1902-06-30,-286.65073
1158,1902-07-31,-288.86667
1159,1902-08-31,-288.3165
1160,1902-09-30,-284.2464
1161,1902-10-31,-279.9478
1162,1902-11-30,-274.88425
1163,1902-12-31,-271.13235
1164,1903-01-31,-268.99597
1165,1903-02-28,-268.5054
1166,1903-03-31,-271.71042
1167,1903-04-30,-276.71497
1168,1903-05-31,-282.08698
1169,1903-06-30,-286.69174
1170,1903-07-31,-288.90515
1171,1903-08-31,-288.34213
1172,1903-09-30,-284.25708
1173,1903-10-31,-279.9817
1174,1903-11-30,-274.9283
1175,1903-12-31,-271.22366
1176,1904-01-31,-269.1067
1177,1904-02-29,-268.21976
1178,1904-03-31,-271.41855
1179,1904-04-30,-276.5988
1180,1904-05-31,-282.11584
1181,1904-06-30,-286.62598
1182,1904-07-31,-288.87628
1183,1904-08-31,-288.3443
1184,1904-09-30,-284.2611
1185,1904-10-31,-280.0627
1186,1904-11-30,-274.76047
1187,1904-12-31,-271.14172
1188,1905-01-31,-268.99747
1189,1905-02-28,-268.4031
1190,1905-03-31,-271.5512
1191,1905-04-30,-276.63675
1192,1905-05-31,-282.13583
1193,1905-06-30,-286.7233
1194,1905-07-31,-288.90335
1195,1905-08-31,-288.32376
1196,1905-09-30,-284.3506
1197,1905-10-31,-279.92407
1198,1905-11-30,-274.9804
1199,1905-12-31,-271.2439
1200,1906-01-31,-269.06326
1201,1906-02-28,-268.31235
1202,1906-03-31,-271.36887
1203,1906-04-30,-276.52136
1204,1906-05-31,-282.10532
1205,1906-06-30,-286.70157
1206,1906-07-31,-288.88086
1207,1906-08-31,-288.27972
1208,1906-09-30,-284.25485
1209,1906-10-31,-280.0489
1210,1906-11-30,-274.93915
1211,1906-12-31,-271.26968
1212,1907-01-31,-268.91217
1213,1907-02-28,-268.39755
1214,1907-03-31,-271.43646
1215,1907-04-30,-276.69516
1216,1907-05-31,-282.10153
1217,1907-06-30,-286.74597
1218,1907-07-31,-288.85257
1219,1907-08-31,-288.3384
1220,1907-09-30,-284.1804
1221,1907-10-31,-280.09027
1222,1907-11-30,-274.85092
1223,1907-12-31,-271.1428
1224,1908-01-31,-269.0523
1225,1908-02-29,-268.37085
1226,1908-03-31,-271.3934
1227,1908-04-30,-276.54272
1228,1908-05-31,-282.1203
1229,1908-06-30,-286.66574
1230,1908-07-31,-288.8432
1231,1908-08-31,-288.2979
1232,1908-09-30,-284.26498
1233,1908-10-31,-280.01376
1234,1908-11-30,-274.79904
1235,1908-12-31,-271.23215
1236,1909-01-31,-269.12628
1237,1909-02-28,-268.317
1238,1909-03-31,-271.57547
1239,1909-04-30,-276.37988
1240,1909-05-31,-282.0001
1241,1909-06-30,-286.68182
1242,1909-07-31,-288.97818
1243,1909-08-31,-288.33942
1244,1909-09-30,-284.30994
1245,1909-10-31,-280.10486
1246,1909-11-30,-274.8191
1247,1909-12-31,-271.1091
1248,1910-01-31,-269.0249
1249,1910-02-28,-268.42673
1250,1910-03-31,-271.46933
1251,1910-04-30,-276.7367
1252,1910-05-31,-281.9996
1253,1910-06-30,-286.7411
1254,1910-07-31,-288.84607
1255,1910-08-31,-288.29425
1256,1910-09-30,-284.29776
1257,1910-10-31,-279.9963
1258,1910-11-30,-274.87466
1259,1910-12-31,-271.2013
1260,1911-01-31,-269.03543
1261,1911-02-28,-268.20374
1262,1911-03-31,-271.39908
1263,1911-04-30,-276.55905
1264,1911-05-31,-282.02078
1265,1911-06-30,-286.7352
1266,1911-07-31,-288.84674
1267,1911-08-31,-288.29016
1268,1911-09-30,-284.28674
1269,1911-10-31,-280.00974
1270,1911-11-30,-274.95038
1271,1911-12-31,-271.26465
1272,1912-01-31,-268.9506
1273,1912-02-29,-268.28915
1274,1912-03-31,-271.54437
1275,1912-04-30,-276.52716
1276,1912-05-31,-282.01752
1277,1912-06-30,-286.734
1278,1912-07-31,-288.81195
1279,1912-08-31,-288.33316
1280,1912-09-30,-284.32663
1281,1912-10-31,-280.00232
1282,1912-11-30,-274.88
1283,1912-12-31,-271.25473
1284,1913-01-31,-269.0655
1285,1913-02-28,-268.24396
1286,1913-03-31,-271.55396
1287,1913-04-30,-276.62082
1288,1913-05-31,-282.14807
1289,1913-06-30,-286.73703
1290,1913-07-31,-288.83292
1291,1913-08-31,-288.2942
1292,1913-09-30,-284.30957
1293,1913-10-31,-280.0304
1294,1913-11-30,-274.9682
1295,1913-12-31,-271.27768
1296,1914-01-31,-268.98093
1297,1914-02-28,-268.4661
1298,1914-03-31,-271.51672
1299,1914-04-30,-276.7095
1300,1914-05-31,-282.14957
1301,1914-06-30,-286.72968
1302,1914-07-31,-288.7867
1303,1914-08-31,-288.25656
1304,1914-09-30,-284.27597
1305,1914-10-31,-280.05222
1306,1914-11-30,-274.8427
1307,1914-12-31,-271.28256
1308,1915-01-31,-269.0315
1309,1915-02-28,-268.47995
1310,1915-03-31,-271.24823
1311,1915-04-30,-276.63934
1312,1915-05-31,-282.0024
1313,1915-06-30,-286.6472
1314,1915-07-31,-288.9602
1315,1915-08-31,-288.31247
1316,1915-09-30,-284.28085
1317,1915-10-31,-280.0012
1318,1915-11-30,-274.92313
1319,1915-12-31,-270.9816
1320,1916-01-31,-269.0388
1321,1916-02-29,-268.42963
1322,1916-03-31,-271.44864
1323,1916-04-30,-276.68097
1324,1916-05-31,-282.03732
1325,1916-06-30,-286.76862
1326,1916-07-31,-288.96445
1327,1916-08-31,-288.26566
1328,1916-09-30,-284.32138
1329,1916-10-31,-280.0449
1330,1916-11-30,-274.98965
1331,1916-12-31,-271.1967
1332,1917-01-31,-268.92166
1333,1917-02-28,-268.28403
1334,1917-03-31,-271.40942
1335,1917-04-30,-276.68817
1336,1917-05-31,-282.09177
1337,1917-06-30,-286.75842
1338,1917-07-31,-288.89645
1339,1917-08-31,-288.2587
1340,1917-09-30,-284.31232
1341,1917-10-31,-280.07455
1342,1917-11-30,-274.95273
1343,1917-12-31,-271.1874
1344,1918-01-31,-269.02216
1345,1918-02-28,-268.2768
1346,1918-03-31,-271.532
1347,1918-04-30,-276.6695
1348,1918-05-31,-282.04105
1349,1918-06-30,-286.74115
1350,1918-07-31,-288.8065
1351,1918-08-31,-288.20996
1352,1918-09-30,-284.34125
1353,1918-10-31,-280.05603
1354,1918-11-30,-274.9347
1355,1918-12-31,-271.09412
1356,1919-01-31,-269.01617
1357,1919-02-28,-268.1687
1358,1919-03-31,-271.30133
1359,1919-04-30,-276.5902
1360,1919-05-31,-282.02695
1361,1919-06-30,-286.77515
1362,1919-07-31,-288.81177
1363,1919-08-31,-288.33905
1364,1919-09-30,-284.34296
1365,1919-10-31,-279.97226
1366,1919-11-30,-274.90567
1367,1919-12-31,-271.04865
1368,1920-01-31,-268.93686
1369,1920-02-29,-268.49716
1370,1920-03-31,-271.60916
1371,1920-04-30,-276.65063
1372,1920-05-31,-282.15045
1373,1920-06-30,-286.60495
1374,1920-07-31,-288.91663
1375,1920-08-31,-288.2986
1376,1920-09-30,-284.3065
1377,1920-10-31,-280.02136
1378,1920-11-30,-274.92102
1379,1920-12-31,-271.19095
1380,1921-01-31,-269.03592
1381,1921-02-28,-268.142
1382,1921-03-31,-271.62274
1383,1921-04-30,-276.6845
1384,1921-05-31,-282.05524
1385,1921-06-30,-286.70834
1386,1921-07-31,-288.8267
1387,1921-08-31,-288.28217
1388,1921-09-30,-284.28503
1389,1921-10-31,-280.0234
1390,1921-11-30,-274.84427
1391,1921-12-31,-271.117
1392,1922-01-31,-269.00458
1393,1922-02-28,-268.45355
1394,1922-03-31,-271.38733
1395,1922-04-30,-276.68228
1396,1922-05-31,-282.18872
1397,1922-06-30,-286.77588
1398,1922-07-31,-288.9153
1399,1922-08-31,-288.33176
1400,1922-09-30,-284.3288
1401,1922-10-31,-280.06052
1402,1922-11-30,-274.96396
1403,1922-12-31,-271.24036
1404,1923-01-31,-269.0648
1405,1923-02-28,-268.34335
1406,1923-03-31,-271.4235
1407,1923-04-30,-276.61414
1408,1923-05-31,-282.19745
1409,1923-06-30,-286.71954
1410,1923-07-31,-288.90515
1411,1923-08-31,-288.31384
1412,1923-09-30,-284.37833
1413,1923-10-31,-280.08057
1414,1923-11-30,-274.8684
1415,1923-12-31,-271.11267
1416,1924-01-31,-269.10202
1417,1924-02-29,-268.48206
1418,1924-03-31,-271.48337
1419,1924-04-30,-276.48264
1420,1924-05-31,-282.14285
1421,1924-06-30,-286.72955
1422,1924-07-31,-288.97263
1423,1924-08-31,-288.37372
1424,1924-09-30,-284.31223
1425,1924-10-31,-280.05377
1426,1924-11-30,-274.96857
1427,1924-12-31,-271.301
1428,1925-01-31,-269.1688
1429,1925-02-28,-268.42435
1430,1925-03-31,-271.26685
1431,1925-04-30,-276.66888
1432,1925-05-31,-282.09348
1433,1925-06-30,-286.78928
1434,1925-07-31,-288.89548
1435,1925-08-31,-288.34192
1436,1925-09-30,-284.33197
1437,1925-10-31,-279.9935
1438,1925-11-30,-274.8734
1439,1925-12-31,-271.18567
1440,1926-01-31,-269.01456
1441,1926-02-28,-268.29984
1442,1926-03-31,-271.54657
1443,1926-04-30,-276.65414
1444,1926-05-31,-282.08716
1445,1926-06-30,-286.78015
1446,1926-07-31,-288.86542
1447,1926-08-31,-288.29434
1448,1926-09-30,-284.28638
1449,1926-10-31,-280.01477
1450,1926-11-30,-274.94916
1451,1926-12-31,-271.24475
1452,1927-01-31,-269.12878
1453,1927-02-28,-268.53333
1454,1927-03-31,-271.5226
1455,1927-04-30,-276.70636
1456,1927-05-31,-282.15158
1457,1927-06-30,-286.8237
1458,1927-07-31,-288.86307
1459,1927-08-31,-288.3821
1460,1927-09-30,-284.26367
1461,1927-10-31,-280.0038
1462,1927-11-30,-274.8657
1463,1927-12-31,-271.26303
1464,1928-01-31,-269.03763
1465,1928-02-29,-268.332
1466,1928-03-31,-271.17703
1467,1928-04-30,-276.6258
1468,1928-05-31,-282.0925
1469,1928-06-30,-286.79367
1470,1928-07-31,-288.94086
1471,1928-08-31,-288.38892
1472,1928-09-30,-284.27493
1473,1928-10-31,-280.0422
1474,1928-11-30,-274.89813
1475,1928-12-31,-271.22858
1476,1929-01-31,-269.0693
1477,1929-02-28,-268.31598
1478,1929-03-31,-271.4225
1479,1929-04-30,-276.5755
1480,1929-05-31,-282.13858
1481,1929-06-30,-286.7813
1482,1929-07-31,-288.87762
1483,1929-08-31,-288.34583
1484,1929-09-30,-284.27832
1485,1929-10-31,-280.08118
1486,1929-11-30,-275.0179
1487,1929-12-31,-271.31845
1488,1930-01-31,-269.1587
1489,1930-02-28,-268.1672
1490,1930-03-31,-271.52383
1491,1930-04-30,-276.68527
1492,1930-05-31,-282.10312
1493,1930-06-30,-286.7294
1494,1930-07-31,-288.90677
1495,1930-08-31,-288.31467
1496,1930-09-30,-284.2473
1497,1930-10-31,-280.07956
1498,1930-11-30,-274.95065
1499,1930-12-31,-271.25024
1500,1931-01-31,-269.1059
1501,1931-02-28,-268.36774
1502,1931-03-31,-271.3799
1503,1931-04-30,-276.4225
1504,1931-05-31,-282.1929
1505,1931-06-30,-286.77103
1506,1931-07-31,-288.92307
1507,1931-08-31,-288.35663
1508,1931-09-30,-284.24533
1509,1931-10-31,-280.07642
1510,1931-11-30,-275.0642
1511,1931-12-31,-271.28607
1512,1932-01-31,-269.1249
1513,1932-02-29,-268.32864
1514,1932-03-31,-271.3994
1515,1932-04-30,-276.71603
1516,1932-05-31,-282.15033
1517,1932-06-30,-286.70877
1518,1932-07-31,-288.89362
1519,1932-08-31,-288.24643
1520,1932-09-30,-284.32428
1521,1932-10-31,-280.05954
1522,1932-11-30,-274.93506
1523,1932-12-31,-271.35196
1524,1933-01-31,-269.1072
1525,1933-02-28,-268.39728
1526,1933-03-31,-271.51544
1527,1933-04-30,-276.65125
1528,1933-05-31,-282.05905
1529,1933-06-30,-286.6927
1530,1933-07-31,-288.9037
1531,1933-08-31,-288.31198
1532,1933-09-30,-284.29282
1533,1933-10-31,-280.13565
1534,1933-11-30,-274.88367
1535,1933-12-31,-271.2963
1536,1934-01-31,-269.22162
1537,1934-02-28,-268.4464
1538,1934-03-31,-271.57217
1539,1934-04-30,-276.72668
1540,1934-05-31,-282.21732
1541,1934-06-30,-286.70667
1542,1934-07-31,-288.85846
1543,1934-08-31,-288.37555
1544,1934-09-30,-284.30896
1545,1934-10-31,-280.1522
1546,1934-11-30,-274.9902
1547,1934-12-31,-271.39114
1548,1935-01-31,-269.09476
1549,1935-02-28,-268.47498
1550,1935-03-31,-271.5323
1551,1935-04-30,-276.78384
1552,1935-05-31,-282.13583
1553,1935-06-30,-286.8555
1554,1935-07-31,-288.9562
1555,1935-08-31,-288.30475
1556,1935-09-30,-284.32858
1557,1935-10-31,-280.13873
1558,1935-11-30,-274.99118
1559,1935-12-31,-271.24106
1560,1936-01-31,-269.0539
1561,1936-02-29,-268.34592
1562,1936-03-31,-271.33075
1563,1936-04-30,-276.75543
1564,1936-05-31,-282.11768
1565,1936-06-30,-286.7807
1566,1936-07-31,-288.99835
1567,1936-08-31,-288.37405
1568,1936-09-30,-284.33545
1569,1936-10-31,-280.1365
1570,1936-11-30,-275.0495
1571,1936-12-31,-271.3388
1572,1937-01-31,-269.18106
1573,1937-02-28,-268.4574
1574,1937-03-31,-271.59863
1575,1937-04-30,-276.61517
1576,1937-05-31,-282.11133
1577,1937-06-30,-286.79996
1578,1937-07-31,-288.9621
1579,1937-08-31,-288.31396
1580,1937-09-30,-284.35815
1581,1937-10-31,-280.14984
1582,1937-11-30,-274.95135
1583,1937-12-31,-271.2622
1584,1938-01-31,-269.17487
1585,1938-02-28,-268.532
1586,1938-03-31,-271.68222
1587,1938-04-30,-276.76984
1588,1938-05-31,-282.26712
1589,1938-06-30,-286.78265
1590,1938-07-31,-288.97638
1591,1938-08-31,-288.24924
1592,1938-09-30,-284.31277
1593,1938-10-31,-280.11594
1594,1938-11-30,-275.0236
1595,1938-12-31,-271.30872
1596,1939-01-31,-269.1363
1597,1939-02-28,-268.59686
1598,1939-03-31,-271.6022
1599,1939-04-30,-276.63968
1600,1939-05-31,-282.14413
1601,1939-06-30,-286.7581
1602,1939-07-31,-288.94177
1603,1939-08-31,-288.25507
1604,1939-09-30,-284.19412
1605,1939-10-31,-280.05396
1606,1939-11-30,-274.94757
1607,1939-12-31,-271.1104
1608,1940-01-31,-268.85013
1609,1940-02-29,-268.32733
1610,1940-03-31,-271.40335
1611,1940-04-30,-276.66074
1612,1940-05-31,-282.13266
1613,1940-06-30,-286.72498
1614,1940-07-31,-288.8627
1615,1940-08-31,-288.3527
1616,1940-09-30,-284.35782
1617,1940-10-31,-280.0892
1618,1940-11-30,-274.96265
1619,1940-12-31,-271.17712
1620,1941-01-31,-268.93646
1621,1941-02-28,-268.43973
1622,1941-03-31,-271.35156
1623,1941-04-30,-276.4772
1624,1941-05-31,-282.1099
1625,1941-06-30,-286.68265
1626,1941-07-31,-288.87158
1627,1941-08-31,-288.27997
1628,1941-09-30,-284.23932
1629,1941-10-31,-280.032
1630,1941-11-30,-274.92465
1631,1941-12-31,-271.2186
1632,1942-01-31,-268.8624
1633,1942-02-28,-268.37317
1634,1942-03-31,-271.46582
1635,1942-04-30,-276.74344
1636,1942-05-31,-282.1346
1637,1942-06-30,-286.80103
1638,1942-07-31,-288.9306
1639,1942-08-31,-288.2766
1640,1942-09-30,-284.35956
1641,1942-10-31,-280.1076
1642,1942-11-30,-274.98935
1643,1942-12-31,-271.27963
1644,1943-01-31,-269.09308
1645,1943-02-28,-268.47827
1646,1943-03-31,-271.6753
1647,1943-04-30,-276.79187
1648,1943-05-31,-282.22006
1649,1943-06-30,-286.82816
1650,1943-07-31,-288.84772
1651,1943-08-31,-288.31516
1652,1943-09-30,-284.3025
1653,1943-10-31,-280.11594
1654,1943-11-30,-274.95844
1655,1943-12-31,-271.32278
1656,1944-01-31,-269.11417
1657,1944-02-29,-268.31918
1658,1944-03-31,-271.51804
1659,1944-04-30,-276.47583
1660,1944-05-31,-282.16495
1661,1944-06-30,-286.82413
1662,1944-07-31,-288.88318
1663,1944-08-31,-288.27075
1664,1944-09-30,-284.28403
1665,1944-10-31,-280.14813
1666,1944-11-30,-274.9703
1667,1944-12-31,-271.27744
1668,1945-01-31,-269.1194
1669,1945-02-28,-268.42438
1670,1945-03-31,-271.5149
1671,1945-04-30,-276.75037
1672,1945-05-31,-282.09918
1673,1945-06-30,-286.7966
1674,1945-07-31,-288.88135
1675,1945-08-31,-288.33817
1676,1945-09-30,-284.30093
1677,1945-10-31,-280.00253
1678,1945-11-30,-274.956
1679,1945-12-31,-271.2256
1680,1946-01-31,-269.11368
1681,1946-02-28,-268.33286
1682,1946-03-31,-271.514
1683,1946-04-30,-276.7916
1684,1946-05-31,-282.1172
1685,1946-06-30,-286.86066
1686,1946-07-31,-288.94318
1687,1946-08-31,-288.37988
1688,1946-09-30,-284.4184
1689,1946-10-31,-280.04892
1690,1946-11-30,-274.97943
1691,1946-12-31,-271.2894
1692,1947-01-31,-269.18518
1693,1947-02-28,-268.34357
1694,1947-03-31,-271.57208
1695,1947-04-30,-276.62228
1696,1947-05-31,-282.06815
1697,1947-06-30,-286.79086
1698,1947-07-31,-288.967
1699,1947-08-31,-288.2965
1700,1947-09-30,-284.31427
1701,1947-10-31,-280.07877
1702,1947-11-30,-274.92786
1703,1947-12-31,-271.19287
1704,1948-01-31,-269.0949
1705,1948-02-29,-268.18982
1706,1948-03-31,-271.5592
1707,1948-04-30,-276.7801
1708,1948-05-31,-282.18613
1709,1948-06-30,-286.78702
1710,1948-07-31,-288.9989
1711,1948-08-31,-288.3798
1712,1948-09-30,-284.38556
1713,1948-10-31,-280.13507
1714,1948-11-30,-274.99695
1715,1948-12-31,-271.372
1716,1949-01-31,-269.2074
1717,1949-02-28,-268.59256
1718,1949-03-31,-271.56027
1719,1949-04-30,-276.7647
1720,1949-05-31,-282.17404
1721,1949-06-30,-286.7883
1722,1949-07-31,-288.90656
1723,1949-08-31,-288.39917
1724,1949-09-30,-284.34946
1725,1949-10-31,-280.11102
1726,1949-11-30,-275.05807
1727,1949-12-31,-271.3183
1728,1950-01-31,-269.03696
1729,1950-02-28,-268.42944
1730,1950-03-31,-271.70227
1731,1950-04-30,-276.83185
1732,1950-05-31,-282.2042
1733,1950-06-30,-286.85596
1734,1950-07-31,-288.9749
1735,1950-08-31,-288.38177
1736,1950-09-30,-284.38593
1737,1950-10-31,-280.18317
1738,1950-11-30,-275.034
1739,1950-12-31,-271.2969
1740,1951-01-31,-268.9838
1741,1951-02-28,-268.50882
1742,1951-03-31,-271.5397
1743,1951-04-30,-276.78918
1744,1951-05-31,-282.17926
1745,1951-06-30,-286.79547
1746,1951-07-31,-289.022
1747,1951-08-31,-288.40723
1748,1951-09-30,-284.3277
1749,1951-10-31,-280.11783
1750,1951-11-30,-275.0173
1751,1951-12-31,-271.36966
1752,1952-01-31,-269.0746
1753,1952-02-29,-268.4216
1754,1952-03-31,-271.41083
1755,1952-04-30,-276.79327
1756,1952-05-31,-282.23398
1757,1952-06-30,-286.8622
1758,1952-07-31,-288.99258
1759,1952-08-31,-288.36584
1760,1952-09-30,-284.38358
1761,1952-10-31,-280.03995
1762,1952-11-30,-274.93652
1763,1952-12-31,-271.21732
1764,1953-01-31,-269.13132
1765,1953-02-28,-268.5533
1766,1953-03-31,-271.69962
1767,1953-04-30,-276.80237
1768,1953-05-31,-282.22842
1769,1953-06-30,-286.83472
1770,1953-07-31,-288.97668
1771,1953-08-31,-288.40454
1772,1953-09-30,-284.38678
1773,1953-10-31,-280.14917
1774,1953-11-30,-275.06165
1775,1953-12-31,-271.30405
1776,1954-01-31,-269.14044
1777,1954-02-28,-268.40762
1778,1954-03-31,-271.59344
1779,1954-04-30,-276.78644
1780,1954-05-31,-282.2222
1781,1954-06-30,-286.87646
1782,1954-07-31,-289.05942
1783,1954-08-31,-288.40887
1784,1954-09-30,-284.40417
1785,1954-10-31,-280.15884
1786,1954-11-30,-275.0086
1787,1954-12-31,-271.37454
1788,1955-01-31,-269.09277
1789,1955-02-28,-268.46005
1790,1955-03-31,-271.55914
1791,1955-04-30,-276.79282
1792,1955-05-31,-282.27383
1793,1955-06-30,-286.83228
1794,1955-07-31,-288.97614
1795,1955-08-31,-288.2503
1796,1955-09-30,-284.39014
1797,1955-10-31,-280.1009
1798,1955-11-30,-274.98694
1799,1955-12-31,-271.30014
1800,1956-01-31,-269.1217
1801,1956-02-29,-268.49493
1802,1956-03-31,-271.6885
1803,1956-04-30,-276.4375
1804,1956-05-31,-282.27805
1805,1956-06-30,-286.85388
1806,1956-07-31,-288.95746
1807,1956-08-31,-288.4273
1808,1956-09-30,-284.40094
1809,1956-10-31,-280.1299
1810,1956-11-30,-275.04373
1811,1956-12-31,-271.4116
1812,1957-01-31,-269.24182
1813,1957-02-28,-268.4983
1814,1957-03-31,-271.5548
1815,1957-04-30,-276.70013
1816,1957-05-31,-282.23804
1817,1957-06-30,-286.81323
1818,1957-07-31,-289.01184
1819,1957-08-31,-288.39954
1820,1957-09-30,-284.39813
1821,1957-10-31,-280.20013
1822,1957-11-30,-275.0766
1823,1957-12-31,-271.34103
1824,1958-01-31,-269.15482
1825,1958-02-28,-268.5372
1826,1958-03-31,-271.54056
1827,1958-04-30,-276.6548
1828,1958-05-31,-282.27936
1829,1958-06-30,-286.8132
1830,1958-07-31,-288.99954
1831,1958-08-31,-288.45282
1832,1958-09-30,-284.38797
1833,1958-10-31,-280.10342
1834,1958-11-30,-275.10446
1835,1958-12-31,-271.38156
1836,1959-01-31,-269.16043
1837,1959-02-28,-268.4932
1838,1959-03-31,-271.76385
1839,1959-04-30,-276.85504
1840,1959-05-31,-282.21774
1841,1959-06-30,-286.8367
1842,1959-07-31,-288.85663
1843,1959-08-31,-288.34445
1844,1959-09-30,-284.3882
1845,1959-10-31,-280.10767
1846,1959-11-30,-275.0781
1847,1959-12-31,-271.3278
1848,1960-01-31,-269.14474
1849,1960-02-29,-268.48636
1850,1960-03-31,-271.49863
1851,1960-04-30,-276.80698
1852,1960-05-31,-282.15823
1853,1960-06-30,-286.82367
1854,1960-07-31,-288.9938
1855,1960-08-31,-288.3492
1856,1960-09-30,-284.3257
1857,1960-10-31,-280.06793
1858,1960-11-30,-275.03223
1859,1960-12-31,-271.3343
1860,1961-01-31,-269.0762
1861,1961-02-28,-268.54276
1862,1961-03-31,-271.7149
1863,1961-04-30,-276.76526
1864,1961-05-31,-282.2813
1865,1961-06-30,-286.85733
1866,1961-07-31,-289.03036
1867,1961-08-31,-288.41705
1868,1961-09-30,-284.39365
1869,1961-10-31,-280.17734
1870,1961-11-30,-275.06958
1871,1961-12-31,-271.33783
1872,1962-01-31,-269.1846
1873,1962-02-28,-268.5406
1874,1962-03-31,-271.57175
1875,1962-04-30,-276.75082
1876,1962-05-31,-282.24792
1877,1962-06-30,-286.85016
1878,1962-07-31,-289.0282
1879,1962-08-31,-288.42685
1880,1962-09-30,-284.3874
1881,1962-10-31,-280.1548
1882,1962-11-30,-274.9784
1883,1962-12-31,-271.29678
1884,1963-01-31,-269.09894
1885,1963-02-28,-268.44138
1886,1963-03-31,-271.49518
1887,1963-04-30,-276.77356
1888,1963-05-31,-282.33478
1889,1963-06-30,-286.82397
1890,1963-07-31,-288.98053
1891,1963-08-31,-288.39185
1892,1963-09-30,-284.39563
1893,1963-10-31,-280.17093
1894,1963-11-30,-274.95267
1895,1963-12-31,-271.38834
1896,1964-01-31,-269.2391
1897,1964-02-29,-268.5631
1898,1964-03-31,-271.48026
1899,1964-04-30,-276.77466
1900,1964-05-31,-282.23026
1901,1964-06-30,-286.83493
1902,1964-07-31,-288.987
1903,1964-08-31,-288.37076
1904,1964-09-30,-284.38705
1905,1964-10-31,-280.13547
1906,1964-11-30,-275.0171
1907,1964-12-31,-271.32266
1908,1965-01-31,-269.16336
1909,1965-02-28,-268.49313
1910,1965-03-31,-271.6216
1911,1965-04-30,-276.81183
1912,1965-05-31,-282.18176
1913,1965-06-30,-286.82108
1914,1965-07-31,-289.01303
1915,1965-08-31,-288.43024
1916,1965-09-30,-284.43234
1917,1965-10-31,-280.13583
1918,1965-11-30,-274.98865
1919,1965-12-31,-271.24057
1920,1966-01-31,-269.13873
1921,1966-02-28,-268.44147
1922,1966-03-31,-271.6576
1923,1966-04-30,-276.83228
1924,1966-05-31,-282.29367
1925,1966-06-30,-286.82614
1926,1966-07-31,-289.00665
1927,1966-08-31,-288.40833
1928,1966-09-30,-284.39313
1929,1966-10-31,-280.14056
1930,1966-11-30,-275.01263
1931,1966-12-31,-271.29565
1932,1967-01-31,-269.08313
1933,1967-02-28,-268.5216
1934,1967-03-31,-271.7399
1935,1967-04-30,-276.83026
1936,1967-05-31,-282.25912
1937,1967-06-30,-286.87878
1938,1967-07-31,-289.0323
1939,1967-08-31,-288.40982
1940,1967-09-30,-284.3653
1941,1967-10-31,-280.14536
1942,1967-11-30,-275.11667
1943,1967-12-31,-271.34012
1944,1968-01-31,-269.12192
1945,1968-02-29,-268.4658
1946,1968-03-31,-271.65665
1947,1968-04-30,-276.85254
1948,1968-05-31,-282.25983
1949,1968-06-30,-286.8716
1950,1968-07-31,-288.96448
1951,1968-08-31,-288.3645
1952,1968-09-30,-284.3423
1953,1968-10-31,-280.11935
1954,1968-11-30,-274.91425
1955,1968-12-31,-271.41266
1956,1969-01-31,-269.21103
1957,1969-02-28,-268.52734
1958,1969-03-31,-271.64362
1959,1969-04-30,-276.7815
1960,1969-05-31,-282.25677
1961,1969-06-30,-286.834
1962,1969-07-31,-289.00113
1963,1969-08-31,-288.32693
1964,1969-09-30,-284.3471
1965,1969-10-31,-280.16525
1966,1969-11-30,-274.9909
1967,1969-12-31,-271.27036
1968,1970-01-31,-269.16476
1969,1970-02-28,-268.50784
1970,1970-03-31,-271.66232
1971,1970-04-30,-276.72366
1972,1970-05-31,-282.278
1973,1970-06-30,-286.8174
1974,1970-07-31,-288.97687
1975,1970-08-31,-288.37216
1976,1970-09-30,-284.38272
1977,1970-10-31,-280.17615
1978,1970-11-30,-275.01038
1979,1970-12-31,-271.3743
1980,1971-01-31,-269.24454
1981,1971-02-28,-268.60938
1982,1971-03-31,-271.6962
1983,1971-04-30,-276.8239
1984,1971-05-31,-282.26633
1985,1971-06-30,-286.87067
1986,1971-07-31,-288.97986
1987,1971-08-31,-288.4056
1988,1971-09-30,-284.40668
1989,1971-10-31,-280.16455
1990,1971-11-30,-275.02686
1991,1971-12-31,-271.38327
1992,1972-01-31,-269.17508
1993,1972-02-29,-268.52975
1994,1972-03-31,-271.62625
1995,1972-04-30,-276.8527
1996,1972-05-31,-282.28833
1997,1972-06-30,-286.9093
1998,1972-07-31,-288.98334
1999,1972-08-31,-288.4156
2000,1972-09-30,-284.37674
2001,1972-10-31,-280.1648
2002,1972-11-30,-275.01907
2003,1972-12-31,-271.40857
2004,1973-01-31,-269.2312
2005,1973-02-28,-268.57547
2006,1973-03-31,-271.74683
2007,1973-04-30,-276.82736
2008,1973-05-31,-282.2652
2009,1973-06-30,-286.82584
2010,1973-07-31,-288.98917
2011,1973-08-31,-288.40326
2012,1973-09-30,-284.39203
2013,1973-10-31,-280.10062
2014,1973-11-30,-275.01755
2015,1973-12-31,-271.33633
2016,1974-01-31,-269.26013
2017,1974-02-28,-268.60794
2018,1974-03-31,-271.68033
2019,1974-04-30,-276.8299
2020,1974-05-31,-282.2231
2021,1974-06-30,-286.87405
2022,1974-07-31,-289.0293
2023,1974-08-31,-288.44812
2024,1974-09-30,-284.41687
2025,1974-10-31,-280.18457
2026,1974-11-30,-275.0667
2027,1974-12-31,-271.38602
2028,1975-01-31,-269.24118
2029,1975-02-28,-268.60342
2030,1975-03-31,-271.75235
2031,1975-04-30,-276.81522
2032,1975-05-31,-282.285
2033,1975-06-30,-286.87152
2034,1975-07-31,-288.9537
2035,1975-08-31,-288.32132
2036,1975-09-30,-284.40207
2037,1975-10-31,-280.14685
2038,1975-11-30,-275.00476
2039,1975-12-31,-271.3738
2040,1976-01-31,-269.16284
2041,1976-02-29,-268.5873
2042,1976-03-31,-271.70975
2043,1976-04-30,-276.81747
2044,1976-05-31,-282.2928
2045,1976-06-30,-286.84875
2046,1976-07-31,-288.88794
2047,1976-08-31,-288.40564
2048,1976-09-30,-284.3681
2049,1976-10-31,-280.16534
2050,1976-11-30,-275.04022
2051,1976-12-31,-271.34357
2052,1977-01-31,-269.0882
2053,1977-02-28,-268.49057
2054,1977-03-31,-271.71365
2055,1977-04-30,-276.8428
2056,1977-05-31,-282.26337
2057,1977-06-30,-286.8446
2058,1977-07-31,-289.0228
2059,1977-08-31,-288.3934
2060,1977-09-30,-284.399
2061,1977-10-31,-280.18912
2062,1977-11-30,-275.06558
2063,1977-12-31,-271.37598
2064,1978-01-31,-269.24237
2065,1978-02-28,-268.59018
2066,1978-03-31,-271.7253
2067,1978-04-30,-276.82837
2068,1978-05-31,-282.2778
2069,1978-06-30,-286.89166
2070,1978-07-31,-289.00317
2071,1978-08-31,-288.41434
2072,1978-09-30,-284.42938
2073,1978-10-31,-280.1604
2074,1978-11-30,-275.08447
2075,1978-12-31,-271.2438
2076,1979-01-31,-269.03613
2077,1979-02-28,-268.49362
2078,1979-03-31,-271.70926
2079,1979-04-30,-276.83478
2080,1979-05-31,-282.29633
2081,1979-06-30,-286.85086
2082,1979-07-31,-289.0022
2083,1979-08-31,-288.4144
2084,1979-09-30,-284.3921
2085,1979-10-31,-280.1467
2086,1979-11-30,-275.0528
2087,1979-12-31,-271.41257
2088,1980-01-31,-269.1651
2089,1980-02-29,-268.374
2090,1980-03-31,-271.49683
2091,1980-04-30,-276.8217
2092,1980-05-31,-282.23785
2093,1980-06-30,-286.88495
2094,1980-07-31,-288.9859
2095,1980-08-31,-288.41898
2096,1980-09-30,-284.37723
2097,1980-10-31,-280.17978
2098,1980-11-30,-275.0532
2099,1980-12-31,-271.3834
2100,1981-01-31,-269.1612
2101,1981-02-28,-268.43576
2102,1981-03-31,-271.57434
2103,1981-04-30,-276.81064
2104,1981-05-31,-282.24286
2105,1981-06-30,-286.8692
2106,1981-07-31,-288.99713
2107,1981-08-31,-288.3795
2108,1981-09-30,-284.35565
2109,1981-10-31,-280.14005
2110,1981-11-30,-275.0338
2111,1981-12-31,-271.34286
2112,1982-01-31,-269.12488
2113,1982-02-28,-268.51935
2114,1982-03-31,-271.67188
2115,1982-04-30,-276.83044
2116,1982-05-31,-282.2269
2117,1982-06-30,-286.78613
2118,1982-07-31,-289.0018
2119,1982-08-31,-288.36746
2120,1982-09-30,-284.4275
2121,1982-10-31,-280.13434
2122,1982-11-30,-275.06302
2123,1982-12-31,-271.32114
2124,1983-01-31,-269.20697
2125,1983-02-28,-268.56747
2126,1983-03-31,-271.64908
2127,1983-04-30,-276.82446
2128,1983-05-31,-282.2737
2129,1983-06-30,-286.83704
2130,1983-07-31,-288.98877
2131,1983-08-31,-288.31055
2132,1983-09-30,-284.39407
2133,1983-10-31,-280.184
2134,1983-11-30,-275.07394
2135,1983-12-31,-271.40268
2136,1984-01-31,-269.162
2137,1984-02-29,-268.46643
2138,1984-03-31,-271.38477
2139,1984-04-30,-276.85156
2140,1984-05-31,-282.252
2141,1984-06-30,-286.8629
2142,1984-07-31,-289.01706
2143,1984-08-31,-288.33664
2144,1984-09-30,-284.366
2145,1984-10-31,-280.15735
2146,1984-11-30,-275.0137
2147,1984-12-31,-271.38022
2148,1985-01-31,-269.12897
2149,1985-02-28,-268.45883
2150,1985-03-31,-271.67728
2151,1985-04-30,-276.51218
2152,1985-05-31,-282.2303
2153,1985-06-30,-286.86868
2154,1985-07-31,-289.01993
2155,1985-08-31,-288.41074
2156,1985-09-30,-284.43387
2157,1985-10-31,-280.18805
2158,1985-11-30,-275.06256
2159,1985-12-31,-271.2171
2160,1986-01-31,-269.16025
2161,1986-02-28,-268.41733
2162,1986-03-31,-271.6516
2163,1986-04-30,-276.72702
2164,1986-05-31,-282.28983
2165,1986-06-30,-286.7948
2166,1986-07-31,-288.968
2167,1986-08-31,-288.3931
2168,1986-09-30,-284.39542
2169,1986-10-31,-280.19244
2170,1986-11-30,-275.07468
2171,1986-12-31,-271.3623
2172,1987-01-31,-269.1432
2173,1987-02-28,-268.34613
2174,1987-03-31,-271.37875
2175,1987-04-30,-276.7724
2176,1987-05-31,-282.262
2177,1987-06-30,-286.8663
2178,1987-07-31,-288.97437
2179,1987-08-31,-288.4058
2180,1987-09-30,-284.39847
2181,1987-10-31,-280.1975
2182,1987-11-30,-275.0046
2183,1987-12-31,-271.32568
2184,1988-01-31,-269.25385
2185,1988-02-29,-268.5734
2186,1988-03-31,-271.61243
2187,1988-04-30,-276.79956
2188,1988-05-31,-282.24466
2189,1988-06-30,-286.8344
2190,1988-07-31,-288.9922
2191,1988-08-31,-288.42188
2192,1988-09-30,-284.40933
2193,1988-10-31,-280.11346
2194,1988-11-30,-274.98953
2195,1988-12-31,-271.3475
2196,1989-01-31,-269.24954
2197,1989-02-28,-268.64325
2198,1989-03-31,-271.77164
2199,1989-04-30,-276.8283
2200,1989-05-31,-282.3063
2201,1989-06-30,-286.87955
2202,1989-07-31,-288.97833
2203,1989-08-31,-288.41766
2204,1989-09-30,-284.3607
2205,1989-10-31,-280.1322
2206,1989-11-30,-275.02478
2207,1989-12-31,-271.3477
2208,1990-01-31,-269.2324
2209,1990-02-28,-268.62054
2210,1990-03-31,-271.71692
2211,1990-04-30,-276.84726
2212,1990-05-31,-282.23004
2213,1990-06-30,-286.84592
2214,1990-07-31,-289.02676
2215,1990-08-31,-288.41727
2216,1990-09-30,-284.3993
2217,1990-10-31,-280.191
2218,1990-11-30,-275.0219
2219,1990-12-31,-271.29156
2220,1991-01-31,-269.1331
2221,1991-02-28,-268.63037
2222,1991-03-31,-271.7272
2223,1991-04-30,-276.80542
2224,1991-05-31,-282.27112
2225,1991-06-30,-286.92102
2226,1991-07-31,-288.97806
2227,1991-08-31,-288.44675
2228,1991-09-30,-284.42352
2229,1991-10-31,-280.11386
2230,1991-11-30,-275.0693
2231,1991-12-31,-271.3726
2232,1992-01-31,-269.25845
2233,1992-02-29,-268.618
2234,1992-03-31,-271.76712
2235,1992-04-30,-276.84186
2236,1992-05-31,-282.3235
2237,1992-06-30,-286.8353
2238,1992-07-31,-288.95914
2239,1992-08-31,-288.42487
2240,1992-09-30,-284.4276
2241,1992-10-31,-280.12848
2242,1992-11-30,-275.01794
2243,1992-12-31,-271.398
2244,1993-01-31,-269.23035
2245,1993-02-28,-268.55515
2246,1993-03-31,-271.68863
2247,1993-04-30,-276.8548
2248,1993-05-31,-282.22552
2249,1993-06-30,-286.84427
2250,1993-07-31,-289.05823
2251,1993-08-31,-288.43427
2252,1993-09-30,-284.36523
2253,1993-10-31,-280.15747
2254,1993-11-30,-275.04416
2255,1993-12-31,-271.37994
2256,1994-01-31,-269.09485
2257,1994-02-28,-268.46088
2258,1994-03-31,-271.71152
2259,1994-04-30,-276.88855
2260,1994-05-31,-282.26315
2261,1994-06-30,-286.9044
2262,1994-07-31,-288.94977
2263,1994-08-31,-288.346
2264,1994-09-30,-284.3626
2265,1994-10-31,-280.18475
2266,1994-11-30,-275.06174
2267,1994-12-31,-271.43384
2268,1995-01-31,-269.27582
2269,1995-02-28,-268.6227
2270,1995-03-31,-271.7112
2271,1995-04-30,-276.81854
2272,1995-05-31,-282.25238
2273,1995-06-30,-286.85062
2274,1995-07-31,-289.0159
2275,1995-08-31,-288.38266
2276,1995-09-30,-284.41672
2277,1995-10-31,-280.20807
2278,1995-11-30,-275.04086
2279,1995-12-31,-271.33752
2280,1996-01-31,-269.1266
2281,1996-02-29,-268.493
2282,1996-03-31,-271.38773
2283,1996-04-30,-276.7929
2284,1996-05-31,-282.28577
2285,1996-06-30,-286.88483
2286,1996-07-31,-289.00232
2287,1996-08-31,-288.41464
2288,1996-09-30,-284.3934
2289,1996-10-31,-280.1734
2290,1996-11-30,-275.01636
2291,1996-12-31,-271.37112
2292,1997-01-31,-269.23956
2293,1997-02-28,-268.68085
2294,1997-03-31,-271.7591
2295,1997-04-30,-276.8606
2296,1997-05-31,-282.25613
2297,1997-06-30,-286.8666
2298,1997-07-31,-288.98907
2299,1997-08-31,-288.37146
2300,1997-09-30,-284.3765
2301,1997-10-31,-280.16034
2302,1997-11-30,-275.07996
2303,1997-12-31,-271.36823
2304,1998-01-31,-269.2132
2305,1998-02-28,-268.61734
2306,1998-03-31,-271.7109
2307,1998-04-30,-276.82663
2308,1998-05-31,-282.2369
2309,1998-06-30,-286.90146
2310,1998-07-31,-289.04358
2311,1998-08-31,-288.48056
2312,1998-09-30,-284.4226
2313,1998-10-31,-280.20624
2314,1998-11-30,-274.97357
2315,1998-12-31,-271.41672
2316,1999-01-31,-269.15335
2317,1999-02-28,-268.60617
2318,1999-03-31,-271.73074
2319,1999-04-30,-276.86777
2320,1999-05-31,-282.28082
2321,1999-06-30,-286.89178
2322,1999-07-31,-288.98407
2323,1999-08-31,-288.365
2324,1999-09-30,-284.39554
2325,1999-10-31,-280.19385
2326,1999-11-30,-275.08655
2327,1999-12-31,-271.34067
2328,2000-01-31,-269.24484
2329,2000-02-29,-268.56277
2330,2000-03-31,-271.79596
2331,2000-04-30,-276.81058
2332,2000-05-31,-282.2826
2333,2000-06-30,-286.9082
2334,2000-07-31,-288.99896
2335,2000-08-31,-288.4288
2336,2000-09-30,-284.405
2337,2000-10-31,-280.19434
2338,2000-11-30,-275.09296
2339,2000-12-31,-271.39282
2340,2001-01-31,-269.14307
2341,2001-02-28,-268.59103
2342,2001-03-31,-271.71426
2343,2001-04-30,-276.88513
2344,2001-05-31,-282.26685
2345,2001-06-30,-286.8858
2346,2001-07-31,-288.9982
2347,2001-08-31,-288.4501
2348,2001-09-30,-284.41574
2349,2001-10-31,-280.17007
2350,2001-11-30,-275.06842
2351,2001-12-31,-271.3688
2352,2002-01-31,-269.21112
2353,2002-02-28,-268.65036
2354,2002-03-31,-271.75668
2355,2002-04-30,-276.85443
2356,2002-05-31,-282.28107
2357,2002-06-30,-286.89117
2358,2002-07-31,-289.04694
2359,2002-08-31,-288.32816
2360,2002-09-30,-284.3837
2361,2002-10-31,-280.1642
2362,2002-11-30,-275.00385
2363,2002-12-31,-271.32175
2364,2003-01-31,-269.2374
2365,2003-02-28,-268.5179
2366,2003-03-31,-271.74954
2367,2003-04-30,-276.82657
2368,2003-05-31,-282.3354
2369,2003-06-30,-286.85703
2370,2003-07-31,-289.03433
2371,2003-08-31,-288.40372
2372,2003-09-30,-284.4056
2373,2003-10-31,-280.19507
2374,2003-11-30,-275.05597
2375,2003-12-31,-271.37357
2376,2004-01-31,-269.1249
2377,2004-02-29,-268.6101
2378,2004-03-31,-271.79166
2379,2004-04-30,-276.87732
2380,2004-05-31,-282.29596
2381,2004-06-30,-286.89066
2382,2004-07-31,-289.03073
2383,2004-08-31,-288.42725
2384,2004-09-30,-284.43167
2385,2004-10-31,-280.19235
2386,2004-11-30,-275.0647
2387,2004-12-31,-271.45715
2388,2005-01-31,-269.25012
2389,2005-02-28,-268.6072
2390,2005-03-31,-271.6257
2391,2005-04-30,-276.8772
2392,2005-05-31,-282.32593
2393,2005-06-30,-286.90872
2394,2005-07-31,-289.01822
2395,2005-08-31,-288.46487
2396,2005-09-30,-284.4218
2397,2005-10-31,-280.17984
2398,2005-11-30,-275.11914
2399,2005-12-31,-271.4072
2400,2006-01-31,-269.14548
2401,2006-02-28,-268.62732
2402,2006-03-31,-271.6799
2403,2006-04-30,-276.82343
2404,2006-05-31,-282.2913
2405,2006-06-30,-286.90292
2406,2006-07-31,-288.95993
2407,2006-08-31,-288.42496
2408,2006-09-30,-284.41803
2409,2006-10-31,-280.20453
2410,2006-11-30,-275.07532
2411,2006-12-31,-271.46002
2412,2007-01-31,-269.26367
2413,2007-02-28,-268.5111
2414,2007-03-31,-271.77692
2415,2007-04-30,-276.85532
2416,2007-05-31,-282.30066
2417,2007-06-30,-286.88974
2418,2007-07-31,-289.09637
2419,2007-08-31,-288.41055
2420,2007-09-30,-284.42902
2421,2007-10-31,-280.19803
2422,2007-11-30,-275.07965
2423,2007-12-31,-271.4547
2424,2008-01-31,-269.26166
2425,2008-02-29,-268.62997
2426,2008-03-31,-271.72687
2427,2008-04-30,-276.8483
2428,2008-05-31,-282.25073
2429,2008-06-30,-286.91116
2430,2008-07-31,-289.00015
2431,2008-08-31,-288.42892
2432,2008-09-30,-284.41452
2433,2008-10-31,-280.21826
2434,2008-11-30,-275.09924
2435,2008-12-31,-271.36792
2436,2009-01-31,-269.25726
2437,2009-02-28,-268.5889
2438,2009-03-31,-271.7322
2439,2009-04-30,-276.86328
2440,2009-05-31,-282.32764
2441,2009-06-30,-286.91235
2442,2009-07-31,-289.07443
2443,2009-08-31,-288.4757
2444,2009-09-30,-284.41986
2445,2009-10-31,-280.20874
2446,2009-11-30,-275.1039
2447,2009-12-31,-271.3819
2448,2010-01-31,-269.17828
2449,2010-02-28,-268.58228
2450,2010-03-31,-271.6515
2451,2010-04-30,-276.87695
2452,2010-05-31,-282.3229
2453,2010-06-30,-286.87305
2454,2010-07-31,-289.0324
2455,2010-08-31,-288.44513
2456,2010-09-30,-284.41696
2457,2010-10-31,-280.22525
2458,2010-11-30,-275.05786
2459,2010-12-31,-271.40503
2460,2011-01-31,-269.15396
2461,2011-02-28,-268.58246
2462,2011-03-31,-271.75296
2463,2011-04-30,-276.86526
2464,2011-05-31,-282.33508
2465,2011-06-30,-286.89957
2466,2011-07-31,-289.0211
2467,2011-08-31,-288.4476
2468,2011-09-30,-284.42853
2469,2011-10-31,-280.18716
2470,2011-11-30,-275.07614
2471,2011-12-31,-271.37875
2472,2012-01-31,-269.21393
2473,2012-02-29,-268.60855
2474,2012-03-31,-271.79562
2475,2012-04-30,-276.85977
2476,2012-05-31,-282.27972
2477,2012-06-30,-286.92084
2478,2012-07-31,-289.0334
2479,2012-08-31,-288.4353
2480,2012-09-30,-284.4572
2481,2012-10-31,-280.23505
2482,2012-11-30,-275.1028
2483,2012-12-31,-271.32553
2484,2013-01-31,-269.20267
2485,2013-02-28,-268.5968
2486,2013-03-31,-271.23654
2487,2013-04-30,-276.86942
2488,2013-05-31,-282.3426
2489,2013-06-30,-286.9135
2490,2013-07-31,-288.98166
2491,2013-08-31,-288.43454
2492,2013-09-30,-284.3868
2493,2013-10-31,-280.20602
2494,2013-11-30,-275.11288
2495,2013-12-31,-271.45328
2496,2014-01-31,-269.20218
2497,2014-02-28,-268.65213
2498,2014-03-31,-271.7704
2499,2014-04-30,-276.88654
2500,2014-05-31,-282.30994
2501,2014-06-30,-286.81732
2502,2014-07-31,-288.9385
2503,2014-08-31,-288.4063
2504,2014-09-30,-284.41428
2505,2014-10-31,-280.1779
2506,2014-11-30,-275.07486
2507,2014-12-31,-271.39398
2508,2015-01-31,-269.27075
2509,2015-02-28,-268.6546
2510,2015-03-31,-271.78476
2511,2015-04-30,-276.90344
2512,2015-05-31,-282.33875
2513,2015-06-30,-286.93207
2514,2015-07-31,-289.05948
2515,2015-08-31,-288.42676
2516,2015-09-30,-284.43155
2517,2015-10-31,-280.1781
2518,2015-11-30,-275.1221
2519,2015-12-31,-271.44965
